layer,strip,end,multiplier,mpv,eta,sigma,A,chi_square
1,0,0,16,428.51807358886134,30.324174592648504,94.23184950425117,987.5387528181768,77.42683703270157
1,1,0,14,444.5101864239982,35.45284189086955,93.26962444550534,1747.1482444336011,82.29705678673706
1,2,0,18,418.2635974444649,32.249381263106386,80.16641412731794,4610.802242583202,138.0620858975776
1,3,0,15,385.21086096341276,38.882319844212624,65.52656051135898,6057.313536593174,806.3900954897766
1,4,0,10,463.5428169280486,35.30681253376184,104.6251205738832,2915.380895614443,561.6510610796239
1,5,0,14,454.06893717701894,28.24769290752043,108.24162370744165,1219.9960276982686,171.74779948534368
1,6,0,12,533.3786369899298,65.39639465071242,119.82922461908618,403.0951162758032,196.48372273975306
1,7,0,10,484.3828642240729,55.6158803133907,105.1244478124966,276.7744649112816,91.67951262216874
2,0,0,16,459.27503669707545,37.60461375049468,101.53561240178793,863.5158192154661,184.1213018371469
2,1,0,17,513.235762722157,58.5250122692158,107.81685844229041,1074.8791432781645,132.36454825635667
2,2,0,15,485.54559219741714,45.81142139494342,97.07167026713583,3263.8437956452276,317.31640729177315
2,3,0,12,467.37040284693103,48.52510425080612,89.64335150178277,4045.9912789155283,528.5782227390814
2,4,0,18,477.69933429705657,47.6276499748904,91.41484691542703,3102.8355271630057,243.6411404120995
2,5,0,16,463.1307628330697,47.3186158057709,92.22341035042,1771.37485620743,109.32904410221717
2,6,0,8,552.3649274623535,71.59126062705103,161.41593454666966,436.6654097350873,251.8522532013994
2,7,0,8,661.1378468954326,47.74552715272076,213.0817191701227,281.18996979146937,179.4347662843968
3,0,0,12,732.4461435222511,39.43667216824459,157.9722924671211,656.660472907496,275.26957826164346
3,1,0,13,711.5071774358872,39.485287836917436,165.66418574721843,1208.8667415151328,573.5731648371107
3,2,0,12,562.0690397564964,51.00548180430949,131.5720197806184,3022.723251946937,380.1653880339519
3,3,0,24,627.4576304994989,55.032673516790446,84.32995313385649,4094.69293820483,237.80075600252704
3,4,0,22,693.3812972666263,53.11567129182966,121.08428032111102,2298.9244103883184,152.5077760575273
3,5,0,20,671.8820466825615,62.478577840376616,131.93063518351565,904.0498036840949,173.77963320305693
3,6,0,18,630.5114117309226,53.74606256782999,121.84056776913229,427.1968496293881,102.94624842897635
3,7,0,8,734.8620084529211,47.49863957020903,203.81334897246293,188.54285384312718,269.82545339411007
4,0,0,12,731.1426170794273,53.2522570365234,170.72600327988965,583.0487389843587,292.5464246646685
4,1,0,12,551.7311527706332,62.58863497460001,144.22283569120737,896.2519388340669,271.5780079441583
4,2,0,12,703.1894575440126,38.364898403277465,166.7284774198922,2399.783654958368,682.9777205105559
4,3,0,13,647.1315231017873,42.39088325982778,143.48138358727195,3189.1902556811865,957.6020807482931
4,4,0,12,918.8139553973465,54.493419186797176,176.46352255116366,2043.3972440359737,469.9767673082056
4,5,0,12,741.6428834935916,33.35643609198309,181.27311281997814,1303.5931117362538,614.5702071022774
4,6,0,14,720.9941769084109,42.791322863057886,182.99610363816964,467.87203350227537,238.1855913725914
4,7,0,12,693.5287336191496,56.57333305196726,160.70474053891863,339.3589917973118,215.93355316116364
5,0,0,22,701.7338938706322,33.5200508966378,140.63702522435827,749.9660789745963,339.9229615538362
5,1,0,25,736.6815327954077,45.04673058630669,139.00446875863892,1337.662991297384,402.8752159731087
5,2,0,25,762.9601084105685,47.78254726763187,132.40465613625489,2991.4382039413017,550.7996886137421
5,3,0,22,782.3822257992439,50.386863253655,126.97146741310563,3634.1828121248236,248.01010668436564
5,4,0,22,639.0014152266226,47.080382659994484,116.56140007016973,2574.4081100690228,247.83875538077527
5,5,0,26,726.6804006210325,49.9217798259755,142.57911979601062,934.3044511161092,178.29230606951373
5,6,0,24,713.9260385782891,49.34974128643478,142.47866258961625,422.0732919451371,133.09837997252478
5,7,0,30,717.9885076003202,46.02608725613323,143.63501031511,255.9869048080175,42.77585172194502
6,0,0,10,735.6770907883567,42.47771723794809,165.34770419505776,626.8994543284751,412.2820404909381
6,1,0,23,733.9824241674283,57.68230806455904,142.8723802621924,954.4554977192686,328.3419726932905
6,2,0,22,657.3445394516508,51.89917156797722,101.34503947231717,3033.5562997934276,215.33035219053647
6,3,0,19,817.6473710874153,62.75152674282164,128.64781685879305,3061.513483425363,569.2984010283092
6,4,0,23,630.7219590905329,68.65794712686477,71.21223325214036,2991.9985276982725,537.1234610191154
6,5,0,27,669.0822076984014,62.550895628937816,113.6976957429899,1545.6771210472718,228.53667476262285
6,6,0,19,693.5682179322966,53.83818071948673,149.7659516199954,521.2806333377962,229.45866618909187
6,7,0,19,685.3430767144112,33.4643837030368,162.69801111390746,381.379443275532,195.18377095606385
7,0,0,12,567.0800098252931,44.781825134774344,136.05520985492367,721.9369555400357,91.71989489874157
7,1,0,9,502.7368742080269,50.38350430060086,128.50460218978557,1377.6524581613803,325.64138569537715
7,2,0,15,603.2392729582376,46.12698221317128,121.58504626767865,3189.3524903525595,430.04445225331517
7,3,0,13,566.836188237795,44.26394496385048,121.49607058894613,3963.1674680387814,351.6188138810372
7,4,0,10,511.20538143156676,63.417928738798196,107.22106485269697,2483.2300034769237,444.0486660225511
7,5,0,10,549.3043495925908,42.23111716915342,150.1673740196559,1005.5158681662691,265.2902517951774
7,6,0,10,591.394448184417,55.06888370942411,116.4744162637079,490.8895455714686,125.93623871924194
7,7,0,14,460.64765762026553,75.81833168068037,99.09704693325362,279.9066589144946,62.44103134789429
8,0,0,14,626.1712782532976,42.434657882472585,143.95291991892958,692.3961498967324,234.8765836362019
8,1,0,12,594.8416695228483,64.17360925538208,125.95020056060633,1002.6053819372945,370.9691244179434
8,2,0,20,708.3846109249884,59.31830419493018,115.10488845570711,2668.8028230884825,470.5713900450064
8,3,0,14,622.8056187633634,68.16524413977471,123.86999621508065,3045.0357292441627,630.1819777479378
8,4,0,10,526.1357570321309,59.7091850289077,117.1300814721021,2598.148134021011,209.33651678140583
8,5,0,12,587.1235947925138,56.80774235317129,134.44748267739232,1451.321783443621,302.63118303017603
8,6,0,10,726.163747338229,50.51696940528382,150.9144583137837,516.3703152952244,444.54757567387526
8,7,0,15,696.097355027537,61.194236138307005,115.02729116943719,391.047625998162,219.49235577076558
9,0,0,15,564.2040746177137,62.55958967700694,13.905378927417141,1170.999204667585,1201.2031165411654
9,1,0,15,617.6674509961013,43.713745986166245,117.65285497208195,1443.5520034351014,407.7202554346718
9,2,0,15,612.9447142751561,46.765432612117856,104.56451974651084,3339.1998660380473,252.06581320724612
9,3,0,14,626.2020780906144,45.78353800071958,107.66440550579263,4110.46348883963,665.149596613924
9,4,0,16,588.3265252192044,51.50778356304446,91.75824716162217,2860.4134898153384,260.73037466578387
9,5,0,12,590.8088631250087,59.16789838923256,114.37252989202739,1078.138117603687,524.8264088568152
9,6,0,14,673.3363844092617,51.13853938414536,144.0741876699659,425.9986455425466,397.05633211963584
9,7,0,16,599.7877598123063,51.07055858746966,134.9471597618353,284.9539426283089,131.56304136562386
10,0,0,23,612.5255007932282,63.24794012145355,80.93219183329641,144.52343035799754,48.69682699902773
10,1,0,20,645.4155433208483,53.3212290727906,113.25015433599386,424.3679932234823,111.95285305078173
10,2,0,20,544.5585179994041,63.64766676262607,54.6855469790676,951.2984434966344,156.18154640079257
10,3,0,12,592.093714215338,54.2316927535682,120.8010992655019,1087.0871692847984,302.37953471977625
10,4,0,14,610.3903413620341,50.21278303311974,107.40550290117254,2908.671550506753,367.5300115929398
10,5,0,12,564.942768877645,55.18507093943179,90.07257406990229,3812.7021325785054,839.7543531116837
10,6,0,18,571.668887121046,57.39802557077101,60.62484015256491,3235.767410068306,347.1300808116858
10,7,0,12,641.1507459831996,52.16932245987274,118.70087176642025,1544.4376509366095,435.45393423286
10,8,0,14,648.6451396641615,49.2137026145686,121.00782396692473,599.4527410230619,206.13969551922483
10,9,0,18,606.2781551330269,35.75298023883368,129.48369173180956,417.063715203025,96.83848580166094
10,10,0,11,644.5370587069406,18.23006767844845,153.22276953091279,281.3202696041898,68.10071577986251
10,11,0,18,661.5210353848476,40.67707500918304,145.07473083287178,127.80468588123139,100.96285476766472
11,0,0,13,581.8547484192164,34.83111047929105,151.75636196676004,197.74027445483603,202.23918564770344
11,1,0,10,652.4888002096635,43.436972353319064,152.6438651455125,434.06993749727286,462.9508100600701
11,2,0,16,703.8021762742816,54.748876578524076,108.41335497519916,752.7953701145873,72.69755186165887
11,3,0,15,690.8011101410183,58.592084475708724,113.35477518940132,1438.7740431860816,583.3005469416254
11,4,0,12,606.3314569001058,44.49040657215297,125.10987663597041,3167.2441606755074,455.0115308696442
11,5,0,12,566.050383124499,41.86794069951445,109.70929296668314,4097.013933441577,597.3327164411505
11,6,0,12,528.0554406960696,55.66401053721779,99.6550425253172,2514.3479668016016,462.731276187825
11,7,0,10,643.4890548989135,48.698079293418616,104.019956733002,1107.9567598771844,258.150363921895
11,8,0,15,642.581068787419,51.010924262233814,128.35759174545817,434.6832900474197,261.43512276289266
11,9,0,10,588.494454387239,49.74394615413352,112.35802915272329,299.42943227247736,143.5517778889181
11,10,0,14,620.1818346724644,39.05734289675881,117.50197852178376,185.6484078945358,111.09327752827882
11,11,0,10,668.0792152926871,83.10095998638562,210.6664391963007,67.37466140466722,246.44901121743803
1,0,1,8,428.9299241016219,46.48092160427682,100.86739431836958,842.4677570425664,474.3774055703815
1,1,1,14,496.9717819095765,82.9047066349834,58.67780925300694,1367.363373006776,109.92105924610175
1,2,1,22,483.60720290120616,46.536036313410854,87.32294208496609,3791.7213532809255,170.2364281386868
1,3,1,12,483.5009483343868,59.11660327225121,88.35337341068876,4285.412756994354,840.4975791179027
1,4,1,14,447.0303639980771,36.53531675821873,92.01874430824938,3207.4094751732255,327.29296935830365
1,5,1,14,454.41624213353055,44.865671089011,98.80377883509627,1153.9520967136339,338.31117292354475
1,6,1,8,526.557617398889,45.72172521994581,157.32194988257706,380.69320208597526,246.11254826775058
1,7,1,9,459.3678382430533,32.247372522451606,137.33781881147442,275.3349979791642,164.72969583921804
2,0,1,25,542.3874054125,67.84997729101912,99.39692903769189,691.1033830185166,41.75765916319106
2,1,1,20,442.5407928523482,45.36213381847793,81.01892187147493,1342.9611686008175,63.84514955155297
2,2,1,15,479.13086022152146,43.49556869676007,91.79964590769531,3410.5484406431756,297.5788697035213
2,3,1,10,466.65018172665447,57.43633965189822,83.55356886246791,3934.2275663003493,857.9743020852354
2,4,1,15,431.21907929477504,46.335624369529995,63.3954702396326,3870.5612321355666,1430.6277663854328
2,5,1,20,428.4270243316026,40.085316658837314,79.84283851829484,2036.5990093696278,41.54049755797718
2,6,1,13,460.4464032426786,46.02852827285875,111.76687234140005,594.5588076937693,194.81857451264958
2,7,1,15,586.0088027818184,65.48572301281403,143.36291853209605,328.77902852303237,77.92324608292822
3,0,1,16,610.7831302851744,65.33613019085684,101.61776890150142,740.8360966842798,307.9305933173009
3,1,1,12,532.482400805365,39.48853156232082,119.47759711503777,1541.1511976070144,227.00194658970366
3,2,1,18,670.4678946896972,51.20841356814846,117.55864480917506,3192.4375392105053,188.0078804679342
3,3,1,18,612.9702383224187,55.887578042631105,96.23136296484768,4085.4770415759895,725.2021225955423
3,4,1,20,694.8782381741629,50.70412489762101,127.68155415219316,2266.2182096138763,250.79008482139108
3,5,1,20,649.1905094991641,42.998061563967696,125.86878215175956,971.5764847179626,99.62065664675406
3,6,1,16,698.180799815989,45.431859027910185,158.68434949265813,386.5141045792141,73.33877793622891
3,7,1,12,565.4507449092616,41.184003711940214,163.93924687616132,224.30743327164294,72.75046866321813
4,0,1,19,634.9193974198536,60.549480858743564,118.48233371674115,669.5059789331349,180.59677944731303
4,1,1,24,645.1506621770881,59.57585444729288,92.0340023146614,1034.9641688471963,76.20045725821743
4,2,1,20,560.236870602992,44.674285216668494,109.84033448259694,2929.5177778225125,286.9642813394433
4,3,1,21,627.9354793965616,53.713825941876394,100.02634381576134,3508.3178625860123,267.6448336729301
4,4,1,21,649.6765388363526,49.20282470087317,129.79808583723573,2554.443954299905,263.79063836500546
4,5,1,23,736.8718326793191,53.99312214434498,126.41746515411958,1458.0668861479628,96.1825271033301
4,6,1,11,654.7565612314634,31.248452158743984,193.56586248234092,467.7535780031803,325.95352838136995
4,7,1,12,682.7598806579509,35.02349751997837,177.8606288452044,337.2480138107609,212.4141515388123
5,0,1,21,703.2721788237435,44.302068950106985,142.53005437485055,701.858542110585,354.56746938148046
5,1,1,22,701.902377740795,43.907073746936,130.10633183896397,1390.170742530143,282.50078977450505
5,2,1,24,685.2341059115836,51.468313669288214,108.4642896993071,3303.23841432986,395.2587632394302
5,3,1,24,695.2826899238728,59.138868609429515,100.77071821455084,3957.3801129495137,707.5829144935971
5,4,1,17,734.99461856009,66.2207886446758,125.07803968250509,2196.744761127786,1092.636396580079
5,5,1,25,682.8769158260512,62.94586118680425,116.6534647183436,983.9097259675577,181.46526541689548
5,6,1,20,793.5520894475065,34.08652851007671,186.36091582457564,373.82199011325923,294.1607587292003
5,7,1,27,728.6451146759711,36.891439246034935,161.156582513565,249.54748532999506,68.85478438395593
6,0,1,15,643.2012522064684,51.25623563931677,119.49665761171771,751.1208713309915,334.92865662779775
6,1,1,25,634.0065825674005,45.48946689421942,110.48733591012821,1187.7362097390226,149.3956184237684
6,2,1,21,687.2282430423676,55.15178784219982,111.12618856397766,2873.8765427495814,552.4044297459284
6,3,1,19,693.5621329833988,56.72094142152624,105.76019514407218,3573.0680957622276,583.2559725012243
6,4,1,19,690.6509275136988,47.85155223079355,121.67512818994615,2762.432147465072,234.6815335263139
6,5,1,19,664.643512719571,47.93570206038704,118.09323682312069,1640.2684127896557,549.9490122753318
6,6,1,25,574.8615610546714,53.30911944883735,87.93959634675514,689.0491424586959,134.77160547714135
6,7,1,18,622.0022323869165,42.21091312244257,112.86992870057583,452.379073043931,318.1156073666227
7,0,1,18,687.8310633663338,64.80633588594777,106.32172538432525,717.7033809248827,304.7822205960724
7,1,1,17,602.2876568330971,44.912420126830476,139.53134129319255,1301.1364441730263,96.33364862505587
7,2,1,9,611.1615791999833,40.33619735410567,117.86594820458751,3339.7374275683715,586.0674940568149
7,3,1,18,694.5965265968191,56.63622946931224,117.48588998781563,3675.045849750548,612.410078255692
7,4,1,10,467.8625152786341,67.75162059165581,88.46966628246342,2599.729888226837,323.8395111451327
7,5,1,15,516.2658820692966,60.782574456370945,112.76604206677516,1055.341672343126,40.519546675726986
7,6,1,17,616.6632630288226,40.8609654003222,151.47484868972856,433.0263127291415,131.55413092370927
7,7,1,13,507.2292780188267,54.387477316174234,144.62201746063215,268.2730290116931,165.3944490801821
8,0,1,14,606.0559557823562,54.25100392130249,142.91918299083295,661.6973585784846,139.7595623400943
8,1,1,12,488.54348606105145,63.69804345915459,97.8768609711406,1126.3927510263875,160.67049272255483
8,2,1,12,593.1075682240233,49.29882978534165,118.07609256171148,2853.2025114686853,319.07652969801285
8,3,1,16,677.7448982168784,47.491180585918485,129.6565923250352,3268.591135708117,439.0968159800541
8,4,1,10,652.0654134253527,46.64472176638394,124.63507042042774,2661.3982545641525,323.0849686283908
8,5,1,16,663.9894954710152,49.0037414529849,134.22922321150205,1488.5164286036868,333.3307760536752
8,6,1,15,681.2415005654983,41.17319439780423,172.7856630880716,504.1958412568262,228.743792476446
8,7,1,14,593.894138404588,50.69330537643201,154.17164980150534,361.2629090763639,180.28966028175734
9,0,1,16,654.6253048179635,48.76979150314733,118.68546364368602,725.9126253007449,267.27491644112104
9,1,1,17,617.5703824152914,54.90979288003019,100.26188109034312,1457.6611100371697,299.3209710027129
9,2,1,10,579.0723520755087,40.73647087367484,113.21425011673928,3366.899125527279,1094.53658751801
9,3,1,10,569.0032657559801,48.52920001158902,98.07430516629319,4237.05220910864,334.21279186989966
9,4,1,21,612.0893415678971,50.18563087531136,109.8749385013262,2597.5456732273506,198.24800367435947
9,5,1,17,524.3380980847387,57.22700687920009,90.0201340705158,1213.9052858806808,191.07602321124912
9,6,1,16,608.2224462073468,48.67489182428387,119.15296477529391,485.99384565201063,157.19618454685707
9,7,1,14,587.4701721716459,46.99818822019807,123.37652530493088,300.6100038075882,80.36349359163033
10,0,1,22,651.5010173265164,55.53745705860484,109.2979549267281,138.02603134171721,60.91613501812365
10,1,1,12,604.5145295799334,54.218222431686826,119.23240617429413,420.6864835829877,267.5448156940874
10,2,1,14,630.0735492150357,51.10539327760801,121.44907105435796,734.2594886729152,322.1575116483654
10,3,1,14,664.8641117701999,66.52095528307241,116.16974091328163,1019.9842334625364,274.3849802791691
10,4,1,14,615.6137925949795,58.37742062516831,94.65101429491881,2955.773123325723,407.77953918449805
10,5,1,20,583.4198348376548,55.38558530365718,90.18982727901759,3807.576909022581,614.4046334911998
10,6,1,12,584.3264548275615,56.13104444181107,99.00829892399139,2827.7183770310403,515.40379142992
10,7,1,12,615.806426134629,44.42784300702727,120.03934191532935,1621.0952769805874,428.70703328312334
10,8,1,13,552.0699667684383,28.814338101363916,129.71237047260976,660.2615473767753,251.45259154466382
10,9,1,19,619.3380460201691,42.05820517755641,111.39250477391111,438.86200529404437,82.10107757015737
10,10,1,17,647.7163227522028,27.066599643037804,147.64280001125132,281.7472570057898,130.18076154414527
10,11,1,18,631.7398239361323,21.62418681694947,167.1698102108536,125.25257294827158,103.55708490717029
11,0,1,17,671.2668214690822,30.419125447780065,162.5851480895977,180.33986456522916,153.83759167403994
11,1,1,18,694.8498485444132,38.94124699711402,138.63830398834318,464.4974435299332,258.4634672122197
11,2,1,14,642.0454401536596,31.479216066406213,148.45019107071633,734.2865926909493,515.751195051341
11,3,1,10,652.491324216543,53.61859385710015,105.81126939412204,1537.3926866984432,375.7173493844853
11,4,1,10,617.1635629741812,45.478233424627334,92.88867541949794,3673.656570395895,287.91747883716414
11,5,1,8,651.5872296914789,52.04829876780118,91.7626435931632,4178.136242051771,118.21934185549458
11,6,1,8,624.3677695052725,52.45462143546668,86.95221171261312,2698.834293622141,215.16460141950284
11,7,1,17,579.9389407975433,44.31479083065643,101.24970043640859,1179.8101709213288,115.9316093569641
11,8,1,18,666.0562393720797,52.75746988596021,129.377075107617,431.7573485606414,203.7804474255469
11,9,1,18,676.8487843901887,49.62975954366446,138.30344771805176,262.69240718786546,182.18188317862527
11,10,1,22,661.6112957056065,48.47324783260561,133.3766060947403,166.929333956225,50.49606446163897
11,11,1,18,690.549700988309,19.283195389666187,179.3415646920206,95.29554848870713,72.756731984742
12,0,0,30,607.1458507379893,59.76606506283413,91.76867171994282,150.4881590147658,42.64504432461529
12,1,0,19,598.3441424411712,38.166502830523626,117.82448068025802,460.39394088247946,72.23407454230167
12,2,0,15,572.5751376623789,52.83500790132923,101.17289950095925,792.5685319523678,278.0952940799735
12,3,0,15,593.596888716976,41.203960621712376,112.24582657683987,1220.4284383205732,295.3669835670806
12,4,0,20,631.5575412808372,50.000435299844696,95.945955811751,3037.19062712273,54.66578717072318
12,5,0,15,621.788634037147,44.11417896087083,103.74366960674142,3743.0284821421624,212.96157759411201
12,6,0,10,602.1603167678014,56.48688946821056,96.54656305760905,2818.7143732371746,811.5631563039468
12,7,0,10,541.7726769023785,49.832541854992336,96.57079217371981,1773.4645775065655,689.8861572576259
12,8,0,10,612.3945602384961,57.91550249298295,130.76927792696227,557.2711533234116,505.0496392838788
12,9,0,16,663.097531064634,41.544142380514245,138.04497726917853,391.55968169667216,182.77595475219422
12,10,0,16,646.8310200590238,41.517154874170245,143.92603836469291,265.3598291489735,147.99606678281103
12,11,0,17,656.3560296215323,40.846958210504596,158.08557815911888,126.50176073466669,115.65548591336342
13,0,0,16,599.1755228969075,44.7515904990944,128.97864913477562,202.16453718192088,118.53631540872567
13,1,0,15,644.403249903635,53.30734953199974,105.07830573256032,491.87988424636444,80.6396119852791
13,2,0,16,661.5356383615698,45.3447500115896,122.47320858828346,725.4669318892211,224.20280817050016
13,3,0,20,679.0634663685657,47.89762299028775,124.00535805354568,1377.8907908953925,176.31342185674436
13,4,0,20,714.5735844755259,57.266185997481664,112.16939021085955,2945.975601849394,345.9801880359845
13,5,0,16,670.0289421516502,55.48725511432287,101.46914725433216,3782.3894582767043,342.9098517743265
13,6,0,16,667.0051094617214,49.56176042452617,108.40489947462606,2468.1629575629668,112.02563389829412
13,7,0,20,621.5169694159626,46.03714116828721,111.58175545496516,1111.4302715682054,192.01976207203643
13,8,0,20,659.4520375771095,47.14392628066857,134.12785953940968,437.4271760313126,211.63191716392606
13,9,0,16,657.3682893391743,58.24910192370078,143.5342077410148,249.31992392666018,256.1327011153656
13,10,0,9,311.6236288112065,25.734823462867652,85.6757780908053,300.00741531824457,65.76328352702939
13,11,0,13,619.1939910487762,30.19165451997208,179.09554321094953,89.93597768393397,145.57197068772837
14,0,0,24,595.8140536105986,32.27710545252618,143.32258417822254,151.70751526324648,45.74175015176666
14,1,0,20,627.9116873636782,42.34958629858385,119.9034916823053,453.66318882306695,93.43073906077207
14,2,0,23,651.4238784779981,44.11908056084548,121.97380897877247,739.5169276533946,149.51188831568913
14,3,0,16,562.4831125252122,54.757873886459805,99.30984405363422,1221.3252524358918,461.920208715246
14,4,0,15,623.0257156059679,49.09711338891542,97.3490252014703,2997.5010514983505,68.97272567134527
14,5,0,16,678.3258939604693,54.395055104924836,112.77984357166883,3363.2200603980646,857.2796428912324
14,6,0,15,609.6415721297068,44.332145549112454,104.20950440861114,2848.976276235494,189.8069821372927
14,7,0,16,632.248170872762,40.290130013387106,118.6443991122292,1622.4310531338162,403.48874277409993
14,8,0,16,606.4055382102493,50.87236005350067,117.28236064089408,613.4604854098737,142.1766265667734
14,9,0,15,582.4470457486792,47.15058252829159,108.52257926010401,440.8383410065726,160.68594517034919
14,10,0,15,616.360089546931,33.29942594019346,153.47097692112834,273.46908728849576,102.10344585001911
14,11,0,15,629.4407140456351,42.242722108022456,151.80107981637127,130.8867482088613,96.67748011951397
15,0,0,15,608.6905370924135,64.22208779611493,74.80232224505167,228.22552042122362,253.53683134378386
15,1,0,16,639.3341019897399,52.08891698795448,114.91903073193409,472.4334885258565,206.70173306236265
15,2,0,16,634.5009104330504,60.51389274918887,92.29217621171166,750.9004804061946,48.74811297196217
15,3,0,15,636.2984757052368,57.433184467929856,104.87518364363076,1448.2656196316777,110.13668062973245
15,4,0,16,644.3734567452273,60.64752400434846,95.38629900543775,3124.967482777536,479.29692368529015
15,5,0,16,651.3862198399114,66.69765499115026,71.66131628074675,3858.8704003470016,241.20718283053665
15,6,0,15,639.9442507184375,76.69867220137797,55.64325706373863,2459.8464526862244,222.29484518790616
15,7,0,15,606.3787023223127,61.157472314964615,59.90762588752303,1248.429504723136,85.56816970360522
15,8,0,14,601.8787766649929,74.57272903426133,92.98539502195248,449.2188650690726,339.55653048362404
15,9,0,16,626.0896163198214,53.43676174621591,95.18590673661775,303.2808541332796,282.7422229348669
15,10,0,10,582.6136628405609,66.27268142497749,54.75305181697707,208.37925507834743,179.6522145093359
15,11,0,16,704.6308204444472,32.47798200017774,201.40746252801583,84.56734832475861,47.358866447434195
16,0,0,14,613.436897883633,66.71077902214475,89.32347029980515,158.53819400040905,376.8947589518573
16,1,0,18,614.1513589447468,44.199278568724075,109.5041420841571,457.0098169125596,263.48247425056417
16,2,0,17,575.7301799947081,66.35065599584355,45.33799263215978,873.0277486973771,147.78169970962313
16,3,0,18,554.539646708241,31.845845122946812,102.496058268341,1368.6521982565605,328.24793166229296
16,4,0,16,513.1941861304336,48.21028043777246,86.57085172977315,3168.36003434721,1196.254921122476
16,5,0,14,585.8937553673173,47.96532058007949,66.7222659819257,4302.485131687659,500.8865885316452
16,6,0,10,572.666206636915,39.09371703732037,76.39566018799034,3493.630297881835,571.4158652568951
16,7,0,17,673.411413305292,61.34963030674299,98.58623317266036,1524.3088015452477,81.37022148089477
16,8,0,18,680.6489342702446,54.20321336823984,140.88318769078953,533.4721515556731,207.38472773328104
16,9,0,18,674.5919490885574,61.55420545103859,121.00899006910659,358.2680640979818,78.50488280158233
16,10,0,20,721.1950786499798,64.79958245078198,136.53619022434285,240.4439791464325,79.91665114460407
16,11,0,18,607.4387428533917,54.284111403887785,115.38860324596787,142.17060698937263,152.9017687224221
17,0,0,18,504.30499009234745,32.315481666831865,134.5447845568784,226.87577568735372,87.90895583130961
17,1,0,15,582.7989784483112,42.76979393510484,77.19672584388823,596.2957139770311,72.45637526624857
17,2,0,18,561.5828574284702,33.09048120441181,125.68343103066952,745.2234524914265,285.33977806232076
17,3,0,15,578.7115218408801,49.987250480511605,72.06166249817262,1792.61774802937,599.6918881448727
17,4,0,15,595.7349915096651,39.52645996116461,99.11301070847212,3483.130268434656,1612.2379807305203
17,5,0,15,669.9517906518402,56.194571017700405,74.54547325194069,4038.175963011392,343.45590134021427
17,6,0,15,633.6265422549509,52.677329630452995,72.11001301694854,2777.489344151436,261.5955197138403
17,7,0,12,624.8919491343598,50.726006736771026,93.15371779448273,1144.0200498809659,854.7492808021007
17,8,0,18,632.5557187846127,37.11758179462007,114.44892729273657,494.96568836314856,317.37331273420557
17,9,0,18,573.4552137831245,37.945749827329955,120.45712197698803,301.3126322611303,193.16445745206767
17,10,0,15,611.7418051640778,25.36407053474312,133.62772376823037,191.36283945985306,155.28262152386586
17,11,0,15,590.0712295021948,29.61373432978115,126.23326040842127,114.03599100895018,99.28204662410923
18,0,0,9,555.6619029887939,9.329657971957939,166.52341042017895,161.76326332971405,157.03219952351222
18,1,0,10,568.4669083835904,36.85788846711285,152.55464085508066,407.1643993106501,229.10211873846882
18,2,0,12,616.6603243428316,46.49862502699052,86.26347510473931,832.721393044772,413.9322592857527
18,3,0,20,605.1023485381153,39.13393588748148,118.06661436910757,1173.81552579473,493.1585108616571
18,4,0,10,619.9592223679721,37.251811035823216,98.9291007719201,3063.8100619150173,634.2556459051551
18,5,0,10,588.3151119122729,37.70191550345421,86.3837907407632,4024.7705587531236,728.2300886045379
18,6,0,10,626.6841315822893,40.64008663626593,89.6973952246896,3083.8604804170077,537.9093337981917
18,7,0,10,627.7114652746683,36.491220513842336,116.8696899596211,1618.3082636390266,634.5636120227915
18,8,0,10,548.3386372026089,49.35358119931254,69.84903217293876,799.783373034586,84.7839100023198
18,9,0,20,526.6483490683158,65.50921697613799,30.37191812605253,499.18265260775485,245.6454670402236
18,10,0,20,541.5608309047847,42.197820386094094,75.33357200561183,384.8261110738851,68.22751785019358
18,11,0,10,534.5521531651513,73.38422309023561,40.98106721259681,184.88690346241202,206.9712634894888
19,0,0,10,575.6864472993308,32.91740623695662,99.29872308084684,260.7014250058957,61.20499779443858
19,1,0,20,563.3752060488298,20.133472877223582,123.36200686964882,526.6974864697132,198.49006153010933
19,3,0,20,542.8415920454228,36.361934477458185,90.2250142714963,1770.9312359736346,547.6980925279702
19,4,0,18,597.4688147802967,35.061014030877494,97.88489960192032,3492.7990318235343,763.2886540561692
19,5,0,6,607.407211565404,47.91664743818877,75.05210555292904,4356.253221367929,605.9381137821213
19,6,0,6,610.5066095137469,33.64308182034266,117.18228357978624,2501.6558074686504,751.130961679169
19,7,0,10,633.060680612876,51.92028157362961,93.38208961081892,1166.85086857235,896.7889983044251
19,8,0,20,562.4946123646641,56.232679783845846,78.29664330756617,533.8894945494548,237.6707230322037
19,9,0,18,616.8906527626384,58.93189267649239,85.56671687010254,309.9195188084423,30.023725260574206
19,10,0,10,546.9068187748405,40.82244590061589,72.19779612254138,253.2104716433447,19.1492887873408
19,11,0,12,665.3160194868584,44.76112416402435,154.08468848736098,95.21380725183107,112.65635318064447
12,0,1,13,612.4816268007179,49.034785549940395,163.6634378927874,124.95397012172528,124.24680957603486
12,1,1,8,643.5975994632528,36.85506295306062,134.54405802294193,424.7138126896574,471.01237498064785
12,2,1,8,602.8251974872711,53.26130093407585,111.41420212259861,747.4508166672852,694.2900313782405
12,3,1,10,575.8388877723189,51.557938622702586,105.1444234878016,1198.7676681173916,763.2568579753328
12,4,1,17,612.7388649680041,48.74026369352987,94.21520676160225,3106.965624326251,70.89652003733765
12,5,1,12,553.2464855730756,49.47553986082586,86.80898795760164,4050.748593256402,908.0330076869415
12,6,1,10,589.2723541741378,45.92111192711884,97.99130512540547,2993.1269562546336,198.31334556414407
12,7,1,10,599.0564879619458,43.14904043581168,112.69919773059637,1679.2483580727326,652.5601188590854
12,8,1,10,620.2564061193892,49.992735428698964,130.77218129479272,574.8109130158956,497.5233480866089
12,9,1,10,654.3346811632765,22.849251079111415,162.8535610015929,379.5019082922769,327.3081612284333
12,10,1,10,663.4876308307772,43.69090074648331,141.39486969574418,262.3744522875152,313.01387308023925
12,11,1,16,611.185813456829,36.56417198985428,159.00830229522128,128.97824170551087,105.81552380692428
13,0,1,10,700.5466563628145,31.67231385654728,175.77890068012482,170.26556158462935,224.28028521307542
13,1,1,23,659.9302883512736,41.526011586079754,121.26831527485426,477.9949569997258,69.22576642973219
13,2,1,18,710.4135715712918,54.80647966351478,123.18036085474894,678.6107943269695,283.0775663218047
13,3,1,10,659.3446072097779,50.45744953322085,121.52570204677309,1384.5017009893445,832.3546263764515
13,4,1,23,641.7618612000334,47.74101377855163,102.13631772417496,3322.1799594204263,99.4568156630426
13,5,1,10,672.1241167145272,50.52831158075729,103.29988368872615,3855.657886682582,119.44037624390353
13,6,1,23,665.1038281705108,52.509692199160504,105.43083526127846,2459.651978564439,111.67515363746197
13,7,1,10,607.511931081727,59.51155940860271,105.14030652071116,1072.904324796925,814.4816801333008
13,8,1,10,580.2185476612237,52.67150666422398,122.76237563276601,459.0614457927015,581.8410274401375
13,9,1,10,590.765488636172,52.07395749761961,135.57527307023727,271.0633662620962,399.859380494413
13,10,1,15,592.015667536049,42.15908618444921,125.78631013287348,183.19137571142423,194.93735102425174
13,11,1,11,608.5522734908847,44.61034436075705,157.9024406073698,92.17245423984019,255.66031033442624
14,0,1,11,512.9356120999863,34.78364630432601,148.42853568967064,154.58636789024112,143.532842433147
14,1,1,20,582.241023363648,33.544858219108896,113.70172146389241,501.3951315568434,95.42309628960808
14,2,1,10,569.0730554246782,38.30495390913966,115.97680682715182,800.9405681924086,588.5264327467144
14,3,1,8,598.1566939691885,42.68556011802215,119.87942779140724,1178.3780955311158,1133.1151315205957
14,4,1,20,516.4722749926921,42.736444808717145,79.92694027923005,3559.2172100376374,49.200826959961674
14,5,1,18,607.7052374795297,44.634382664519535,102.00668735867096,3702.5891840291197,188.7698528838323
14,6,1,8,582.1116836436651,51.60199679834238,95.3094538608914,2895.997306311948,660.3763474677077
14,7,1,20,576.2239622783142,43.52904088357163,101.49824795077866,1767.020221017643,178.70227189633044
14,8,1,10,543.1619437522746,45.026162321321806,75.74829564774046,782.2674603645307,69.2132149156018
14,9,1,19,483.29810276762055,14.819770847231565,104.61094914898491,565.9108795165173,117.9194928149082
14,10,1,20,576.9317528386911,55.9807802265867,60.33060891076123,358.64336747580364,69.6949889446187
14,11,1,18,517.0422284454946,24.99306517381501,99.83834315727724,189.433773217698,117.56361322473013
15,0,1,10,594.7105230420442,63.43694068107189,74.89030396504594,232.31684472097194,19.019403069119555
15,1,1,16,627.5085770270612,54.29191188879073,85.88286912111361,521.0100660376554,57.599490820426674
15,2,1,10,713.6856468375786,47.5049750044282,143.40459561078896,651.0799498456495,65.27565316573279
15,3,1,8,607.4646420046884,61.63453179215859,85.04281017290444,1530.6799052749889,86.38431846919596
15,4,1,10,665.6910666848582,58.365260652951214,103.7625130148907,3042.6609036106597,589.6089622819147
15,5,1,17,647.6217721039746,63.33172789032534,102.01738032721725,3455.4593105864924,202.45344301053515
15,6,1,13,708.7097136425521,53.31997937137194,125.72412672815747,2203.6090998889226,79.62413558884732
15,7,1,20,656.5614915241778,51.33066087140792,125.87590763431936,1017.5376883197374,136.53607809217647
15,8,1,10,652.386863754418,37.09942161909999,165.35710532895814,409.93677452038105,282.2267057916095
15,9,1,10,689.905168055104,51.613724677490424,165.6088463920089,240.301050170206,324.89970043437637
15,10,1,21,629.6947241977949,56.746322709239976,113.80137873188319,178.9645504692822,76.58191447112422
15,11,1,10,616.0855775891484,52.89527560452707,115.2048304906975,108.57126606399342,178.63200836974505
16,0,1,10,604.6824045675769,38.29090544687002,112.90475608389268,172.3039977986602,223.87376843882242
16,1,1,10,594.9301735012533,55.64725893772013,73.19121369063113,514.3331652797189,95.58739642250019
16,2,1,10,619.390523749798,54.01026246309338,72.55644895039251,842.5619562894411,78.21830197443212
16,3,1,23,605.8041979127225,47.33898847256183,79.76039631299717,1391.3016662191878,305.5967725971706
16,4,1,18,506.10450619257347,34.229342161624025,109.54301975819622,3110.611279757565,264.2935616969065
16,5,1,16,564.4244091315667,42.462573919901786,75.9839423772119,4226.432344413045,612.7248395858372
16,6,1,8,570.74012078023,31.475162136522144,110.21089436839227,2916.6244675849703,954.3621491150342
16,7,1,10,583.9192474925532,57.15280349080834,66.25957045745704,1868.9294211322585,381.86098315748603
16,8,1,10,585.9044175789653,48.432531934148585,90.69067966398958,689.7156335313434,720.7404633439517
16,9,1,8,605.5893901913178,48.457046035946085,94.45777391617129,431.3169923663043,236.00375698571182
16,10,1,10,716.0658828180341,47.78588737147909,154.87460590533817,244.29546733494797,204.55147385626896
16,11,1,18,703.7429032147251,37.23333884704707,177.036410748605,123.60083207355558,104.68008480875763
17,0,1,21,547.1299149925195,52.62182310995996,74.02093316912651,270.1170648773612,120.99288680258184
17,1,1,20,565.1902435083737,39.87494564900692,86.85512792673667,576.3517853337831,240.59216978927265
17,2,1,20,570.063309754506,28.25588323310275,132.34682075490434,739.1706072593593,193.3476744449696
17,3,1,16,567.1653112625816,41.81031698178351,84.84909857520499,1787.0805649544818,842.7252353984456
17,4,1,21,640.4516273502729,33.71461505225994,109.2500184675575,3347.6898376274467,824.2669187356316
17,5,1,10,534.360682544389,28.734944686826882,125.22921358971996,3974.4036953086497,414.80512972300716
17,6,1,21,631.4268145487694,48.4914728527616,86.37312091352034,2692.872045476239,681.0324594117694
17,7,1,10,586.7810564727478,44.73558530170811,123.35643770342452,1097.7349034779668,833.3101017894136
17,8,1,8,652.4480667904267,65.36405559339588,88.62903047671513,502.744092775619,379.61761184655575
17,9,1,8,657.9935496797311,52.50831551556033,107.40487923131576,283.98160068836216,383.01206269447744
17,10,1,16,594.9855464297026,34.43079189692331,90.79468064034874,227.67600296767773,150.65086273743435
17,11,1,12,635.9823484710781,36.50639512905041,142.19658544902012,101.43736425455047,132.88284495980187
18,0,1,10,629.7547137388642,50.986350643951006,101.473581414812,173.56628002008284,249.59305581001698
18,1,1,21,614.3969982292871,38.92237783691379,122.57595639901274,447.66477287494286,123.06518580046105
18,2,1,21,605.12558988942,42.06540702872878,87.47841558910712,841.9080047884011,206.74246523779823
18,3,1,21,583.9988941580051,35.486436078541665,97.35179337975259,1350.2981694126122,295.2391616725567
18,4,1,9,578.7057526669148,38.35084039571597,126.93560089304563,2711.3445784846513,354.66820116288636
18,5,1,15,532.0634346251106,50.914802684258404,109.57391829858602,3341.4367406391984,784.9245773058539
18,6,1,18,544.0064465329519,43.9200952862403,106.62458671089315,2795.911399211141,874.5171589426429
18,7,1,17,637.8874329980332,50.10896596638063,96.99175683349716,1657.7382310946468,994.9434872674346
18,8,1,10,505.32809675725275,22.162665049006346,108.89874743304883,784.6489400722094,496.68967698301884
18,9,1,14,492.3920273384448,21.74001443690286,99.92019986222344,531.3179725757802,109.6723835652126
18,10,1,20,508.04978598103355,41.61298348118601,65.09776619401019,412.79124525490107,123.85940217680766
18,11,1,10,535.3228547130416,37.07023781351673,96.25860053684299,192.57221279966592,216.16328983671394
19,0,1,10,534.7968814782887,21.62936331831399,123.77356886556984,247.69450085551438,196.2838575889703
19,1,1,10,559.837530951287,38.022040164041535,81.26984796390188,606.7141307548321,148.08445537235139
19,2,1,20,575.0443005157086,52.60004376755139,60.08542764346894,923.9424331490104,121.19274771275624
19,3,1,18,507.82303818985423,36.381686076521895,100.09785815317133,1681.7545083323712,618.6827351622906
19,4,1,10,559.6870395201862,48.119632172997186,60.63973156960668,3984.3042153956267,243.96410772201082
19,5,1,15,649.6391987551998,66.13343679967011,80.83136753273342,3709.973083769595,797.1358543249426
19,6,1,20,572.725561159655,37.550681307532216,80.51597701774917,3204.0657987273976,575.8584303835033
19,7,1,18,576.1782616319404,51.26378288194459,68.52812112500632,1360.238255133905,192.80742790842464
19,8,1,16,617.5052962705844,63.96363249504464,76.85995443103602,494.35961882975073,322.6639672558478
19,9,1,21,626.405833131035,53.65563263047764,86.89182731268592,313.9270235749613,59.40187968232271
19,10,1,24,571.7251379773319,47.6471386445878,65.27868269822312,243.935975892602,39.86424881177806
19,11,1,10,686.8382442091043,42.64513662396269,144.96012317988482,99.13240779598364,198.8875597325862
